Workbook

Sheet Instruções
A1: Avaliação heurística de Nielsen — TCC II (Frente 2)
A3: Como usar
A4: 1. Siga o roteiro do arquivo avaliacao-heuristica.md (preparação, tarefas T1 a T3, duas passadas).
A5: 2. Registre cada problema em uma linha da aba Achados. As células amarelas são para preencher; as listas suspensas ajudam.
A6: 3. A linha verde (A0) é só um exemplo de formato. Ela não entra na contagem do Resumo.
A7: 4. O mesmo problema em duas telas é UM achado: escreva as duas telas na coluna Tela.
A8: 5. A aba Resumo calcula sozinha a contagem por severidade, por heurística e o critério de aceite do RNF01.
A10: Escala de severidade (Nielsen, 1994)
A11: 0 — Não é problema de usabilidade.
A12: 1 — Cosmético: corrigir só se sobrar tempo.
A13: 2 — Menor: atrapalha um pouco; baixa prioridade.
A14: 3 — Maior: importante corrigir; alta prioridade.
... A19: Regra de correção: severidade 3 e 4 sempre; 2 se for rápido; 0 e 1 só registrar.

Sheet Achados
A1: ID | B1: Tela | C1: Tarefa | D1: Dispositivo | E1: Heurística violada | F1: Problema encontrado | G1: Evidência (print) | H1: Severidade (0–4) | I1: Corrigido? | J1: Correção aplicada | K1: Print depois
A2: A0 | B2: Treino de Hoje | C2: T1 Registrar sessão | D2: Celular | E2: 1. Visibilidade do estado do sistema | F2: Ao salvar uma série não aparece confirmação; não dá para saber se foi gravada. | G2: a0-antes.png | H2: 2 | I2: Sim | J2: Adicionado o aviso "Série salva" após gravar. | K2: a0-depois.png
A3: A1
A4: A2
A5: A3
A6: A4
A7: A5
A8: A6
A9: A7
A10: A8
A11: A9
A12: A10
A13: A11
A14: A12
... A62: A60

Sheet Resumo
A1: Resumo da avaliação (calculado automaticamente)
A2: Conta só as linhas A1 em diante; o exemplo A0 fica de fora.
A4: Severidade | B4: Achados | C4: Corrigidos
A5: 0 — Não é problema | B5: =COUNTIF(Achados!$H$3:$H$62,0) -> 0 | C5: =COUNTIFS(Achados!$H$3:$H$62,0,Achados!$I$3:$I$62,"Sim") -> 0
A6: 1 — Cosmético | B6: =COUNTIF(Achados!$H$3:$H$62,1) -> 0 | C6: =COUNTIFS(Achados!$H$3:$H$62,1,Achados!$I$3:$I$62,"Sim") -> 0
A7: 2 — Menor | B7: =COUNTIF(Achados!$H$3:$H$62,2) -> 0 | C7: =COUNTIFS(Achados!$H$3:$H$62,2,Achados!$I$3:$I$62,"Sim") -> 0
A8: 3 — Maior | B8: =COUNTIF(Achados!$H$3:$H$62,3) -> 0 | C8: =COUNTIFS(Achados!$H$3:$H$62,3,Achados!$I$3:$I$62,"Sim") -> 0
A9: 4 — Catástrofe | B9: =COUNTIF(Achados!$H$3:$H$62,4) -> 0 | C9: =COUNTIFS(Achados!$H$3:$H$62,4,Achados!$I$3:$I$62,"Sim") -> 0
A10: Total | B10: =SUM(B5:B9) -> 0 | C10: =SUM(C5:C9) -> 0
A12: Heurística | B12: Achados | C12: Severidade média
A13: 1. Visibilidade do estado do sistema | B13: =COUNTIF(Achados!$E$3:$E$62,A13) -> 0 | C13: =IFERROR(AVERAGEIF(Achados!$E$3:$E$62,A13,Achados!$H$3:$H$62),"-") -> -
A14: 2. Correspondência com o mundo real | B14: =COUNTIF(Achados!$E$3:$E$62,A14) -> 0 | C14: =IFERROR(AVERAGEIF(Achados!$E$3:$E$62,A14,Achados!$H$3:$H$62),"-") -> -
A15: 3. Controle e liberdade do usuário | B15: =COUNTIF(Achados!$E$3:$E$62,A15) -> 0 | C15: =IFERROR(AVERAGEIF(Achados!$E$3:$E$62,A15,Achados!$H$3:$H$62),"-") -> -
A16: 4. Consistência e padrões | B16: =COUNTIF(Achados!$E$3:$E$62,A16) -> 0 | C16: =IFERROR(AVERAGEIF(Achados!$E$3:$E$62,A16,Achados!$H$3:$H$62),"-") -> -
A17: 5. Prevenção de erros | B17: =COUNTIF(Achados!$E$3:$E$62,A17) -> 0 | C17: =IFERROR(AVERAGEIF(Achados!$E$3:$E$62,A17,Achados!$H$3:$H$62),"-") -> -
A18: 6. Reconhecer em vez de lembrar | B18: =COUNTIF(Achados!$E$3:$E$62,A18) -> 0 | C18: =IFERROR(AVERAGEIF(Achados!$E$3:$E$62,A18,Achados!$H$3:$H$62),"-") -> -
A19: 7. Flexibilidade e eficiência de uso | B19: =COUNTIF(Achados!$E$3:$E$62,A19) -> 0 | C19: =IFERROR(AVERAGEIF(Achados!$E$3:$E$62,A19,Achados!$H$3:$H$62),"-") -> -
A20: 8. Estética e design minimalista | B20: =COUNTIF(Achados!$E$3:$E$62,A20) -> 0 | C20: =IFERROR(AVERAGEIF(Achados!$E$3:$E$62,A20,Achados!$H$3:$H$62),"-") -> -
A21: 9. Ajudar a reconhecer, diagnosticar e corrigir erros | B21: =COUNTIF(Achados!$E$3:$E$62,A21) -> 0 | C21: =IFERROR(AVERAGEIF(Achados!$E$3:$E$62,A21,Achados!$H$3:$H$62),"-") -> -
A22: 10. Ajuda e documentação | B22: =COUNTIF(Achados!$E$3:$E$62,A22) -> 0 | C22: =IFERROR(AVERAGEIF(Achados!$E$3:$E$62,A22,Achados!$H$3:$H$62),"-") -> -
A24: Problemas de severidade 3 ou 4 ainda sem correção | B24: =COUNTIFS(Achados!$H$3:$H$62,">=3",Achados!$I$3:$I$62,"<>Sim") -> 0
A25: Critério de aceite do RNF01 | B25: =IF(B10=0,"Preencher",IF(B24=0,"Atendido","Atendido com ressalva")) -> Preencher
A27: Frase pronta para o texto (Resultados, VI.B):
A28: ="A inspeção identificou "&B10&" problemas de usabilidade: "&B6&" de severidade 1, "&B7&" de severidade 2, "&B8&" de severidade 3 e "&B9&" de severidade 4." -> A inspeção identificou 0 problemas de usabilidade: 0 de severidade 1, 0 de severidade 2, 0 de severidade 3 e 0 de severidade 4.

Sheet Listas
A1: Telas | B1: Tarefas | C1: Dispositivo | D1: Heurísticas | E1: Corrigido
A2: Minha Divisão | B2: T1 Registrar sessão | C2: Desktop | D2: 1. Visibilidade do estado do sistema | E2: Sim
A3: Treino de Hoje | B3: T2 Ver diagnóstico | C3: Celular | D3: 2. Correspondência com o mundo real | E3: Não
A4: Volume da Semana | B4: T3 Histórico | C4: Ambos | D4: 3. Controle e liberdade do usuário | E4: Parcial
A5: Diagnóstico | B5: Livre (1ª passada) | D5: 4. Consistência e padrões
A6: Histórico — Cargas | D6: 5. Prevenção de erros
A7: Histórico — Volume | D7: 6. Reconhecer em vez de lembrar
A8: Histórico — Sessões | D8: 7. Flexibilidade e eficiência de uso
A9: Login/Cadastro | D9: 8. Estética e design minimalista
A10: Navegação geral | D10: 9. Ajudar a reconhecer, diagnosticar e corrigir erros
D11: 10. Ajuda e documentação
